Tabatha Bernardos,tbernardos0@japanpost.jp,5014722011,79311
Gerhardine Leil,gleil1@spotify.com,4518910215,43799
Peder Heighway,pheighway2@ocn.ne.jp,8567513215,82761
Swen Braim,sbraim3@google.com,7008527607,30986
Alleen McKenzie,amckenzie4@youku.com,6026977824,37386
Melinde Fairholm,mfairholm5@tinyurl.com,3366397404,69980
Kevyn Marini,kmarini6@telegraph.co.uk,2581490642,87250
Doralynne Collocott,dcollocott7@imdb.com,3132654208,85209
Valentine Connop,vconnop8@skyrock.com,1304282494,64693
Jami Gofton,jgofton9@chron.com,3504856709,68066
Franchot Sinnett,fsinnetta@pen.io,8356863575,79530
Matt Nattrass,mnattrassb@ow.ly,2883475612,67782
Ora McConville,omcconvillec@mac.com,3886197279,31264
Langston Robertet,lrobertetd@dagondesign.com,2832469013,88581
Micaela Eyres,meyrese@virginia.edu,9447199583,43376
Theodor Abbati,tabbatif@unblog.fr,4052434033,66808
Eugen Charley,echarleyg@nba.com,8688884110,47931
Luke Berntsson,lberntssonh@google.co.uk,2108806993,57566
Teddy Atherton,tathertoni@discovery.com,2256316835,41398
Claudie Forstall,cforstallj@prweb.com,1394178705,65571
Althea Bick,abickk@comsenz.com,3175202962,82105
Claus Terzo,cterzol@shop-pro.jp,7051829580,29242
Darline Fernehough,dfernehoughm@chronoengine.com,6409259955,77927
Kattie Dilliston,kdillistonn@dagondesign.com,7465679632,26704
Francoise Kitchin,fkitchino@blogtalkradio.com,7233255871,64969
Diandra Marl,dmarlp@xinhuanet.com,6937874392,90986
Alford Honig,ahonigq@sfgate.com,5665672648,65010
Hugues Schruur,hschruurr@yandex.ru,9292358836,29920
Simone Courtese,scourteses@ucoz.com,7778148649,61991
Addy Purviss,apurvisst@posterous.com,4604410652,31491
Thane Fassman,tfassmanu@meetup.com,6919659066,56831
Evania Penwarden,epenwardenv@about.com,6494807704,71249
Cathi Brehat,cbrehatw@skype.com,4488942443,82195
Davis Trewett,dtrewettx@rambler.ru,6064369157,36008
Leslie Hedgecock,lhedgecocky@ifeng.com,3815310176,87204
Karalee McLuckie,kmcluckiez@toplist.cz,7705781038,86483
Caye Tiffany,ctiffany10@time.com,5741704969,94996
Rebecca Chifney,rchifney11@comcast.net,4436063737,28782
Willa Antonioni,wantonioni12@mapquest.com,9525869333,32203
Issy Ivantsov,iivantsov13@adobe.com,5659631087,66469
Bibbie De Atta,bde14@shop-pro.jp,8062537639,99317
Gwenni Bitterton,gbitterton15@umn.edu,5415231059,69492
Pollyanna Kingswood,pkingswood16@bloomberg.com,7308723814,55349
Del Jiranek,djiranek17@amazon.co.uk,7722628404,43673
Babbette Derle,bderle18@jalbum.net,5062063699,27818
Emeline MacRannell,emacrannell19@upenn.edu,4113059417,74668
Orelee Feaver,ofeaver1a@google.ca,3586731200,52157
Philip Zimmermeister,pzimmermeister1b@examiner.com,9122104701,60051
Paxon Clemenzo,pclemenzo1c@auda.org.au,7023512809,32617
Lulita Franklyn,lfranklyn1d@cnet.com,7919621818,59455
Lou Schiersch,lschiersch1e@acquirethisname.com,9252717561,50752
Nicolai Cornwall,ncornwall1f@ox.ac.uk,9181125905,65539
Collie Gordon-Giles,cgordongiles1g@addtoany.com,5859045841,34974
Nellie Neilson,nneilson1h@topsy.com,5301690412,48231
Marcela Tolchar,mtolchar1i@jimdo.com,4891211641,89304
Torrance Entwistle,tentwistle1j@mysql.com,8017168192,98958
Carlye Beernt,cbeernt1k@auda.org.au,1669474732,84173
Thorpe Boulton,tboulton1l@4shared.com,5964485519,48404
Maddy McLardie,mmclardie1m@msu.edu,2987917189,58160
Lothaire Campsall,lcampsall1n@ow.ly,7636739683,37051
Marji Shillabeer,mshillabeer1o@freewebs.com,5252533563,94263
Welbie Atcock,watcock1p@yale.edu,7397085095,50119
Sheff Penley,spenley1q@example.com,7176580020,34125
Tadeas Blay,tblay1r@chicagotribune.com,8927592924,45068
Katharine Ivel,kivel1s@unblog.fr,4553357069,65375
Myrilla Banthorpe,mbanthorpe1t@telegraph.co.uk,7662259500,66367
Clark Buddock,cbuddock1u@google.com.br,8361614839,37485
Corrie Girhard,cgirhard1v@cpanel.net,7472480139,54610
Eli Sirr,esirr1w@amazon.co.jp,2548971253,91255
Matty Flahive,mflahive1x@wikipedia.org,8385625051,71634
Evelyn Di Biagio,edi1y@netscape.com,4835181140,91997
Kaye Gregoli,kgregoli1z@ebay.co.uk,3532614906,99195
Gerick Bowton,gbowton20@princeton.edu,3154186334,55799
Adelaide Yurevich,ayurevich21@dot.gov,9472087878,38433
Gisela Putland,gputland22@goo.gl,9118945547,56384
Jason Pargiter,jpargiter23@kickstarter.com,7967372433,75723
Clarice Tender,ctender24@comsenz.com,9541796405,38440
Penn Jendas,pjendas25@chicagotribune.com,6335582911,55008
Catrina Skeat,cskeat26@dell.com,3975488749,69948
Brett Bristoe,bbristoe27@elpais.com,6942152769,40316
Euphemia Nettles,enettles28@webeden.co.uk,5654727310,76366
Jo-ann Bockmann,jbockmann29@cnn.com,8754429246,52986
Boycey Subhan,bsubhan2a@army.mil,3199723515,45996
Griz Sallan,gsallan2b@walmart.com,9851090833,61164
Jonie Truelove,jtruelove2c@netvibes.com,6837966051,38481
Salomon Skewis,sskewis2d@mapy.cz,5307508282,25820
Keelby Paskell,kpaskell2e@craigslist.org,9071223238,55775
Kirsti Romeo,kromeo2f@google.de,1968967475,27699
Miran Canty,mcanty2g@hostgator.com,7793171858,49261
Leonelle Chapiro,lchapiro2h@freewebs.com,1895712503,76823
Tripp Canero,tcanero2i@123-reg.co.uk,6039198999,82415
Erv D'Hooghe,edhooghe2j@omniture.com,1182896750,83476
Gui Sola,gsola2k@lycos.com,5096162514,31063
Arnold Loyd,aloyd2l@symantec.com,6126967983,61280
Hermon Cobon,hcobon2m@tripadvisor.com,3485248758,96810
Marty Dyke,mdyke2n@biglobe.ne.jp,9864792528,66420
Franny Klasing,fklasing2o@usa.gov,4825836437,55943
Zollie Aggis,zaggis2p@nih.gov,2467067119,69045
Carmen MacQueen,cmacqueen2q@miitbeian.gov.cn,4459166079,47586
Madalyn Ellison,mellison2r@unc.edu,4395941857,76128
Minni Champe,mchampe2s@google.co.uk,6123451193,71680
Lexy Ruby,lruby2t@opera.com,4657278689,75318
Essa Ridgway,eridgway2u@bloglines.com,4071561206,92743
Dusty Jeanel,djeanel2v@addthis.com,9253982944,50838
Shayne Roylance,sroylance2w@dailymail.co.uk,5568365314,92878
Gaylor Bindon,gbindon2x@goo.gl,3979463409,99096
Leanora von Nassau,lvon2y@alibaba.com,7841898587,37116
Aluino Hayne,ahayne2z@marriott.com,5575697783,31218
Marcus Haxley,mhaxley30@networksolutions.com,4979592342,94750
Kyle Gasparro,kgasparro31@photobucket.com,6858108913,35140
Albrecht Burbage,aburbage32@umich.edu,8217644212,43886
Nanete Sneddon,nsneddon33@wisc.edu,3895261773,68682
Sioux Burnapp,sburnapp34@blog.com,6936613560,31918
Willy Loweth,wloweth35@statcounter.com,1013795020,83345
Sharron Sewart,ssewart36@census.gov,1989317959,34107
Rennie Marshfield,rmarshfield37@google.ca,7572148610,81744
Ashby Losemann,alosemann38@sakura.ne.jp,6733586049,92012
Queenie Wildbore,qwildbore39@gizmodo.com,1889111411,90410
Hatty Lanchester,hlanchester3a@exblog.jp,3806659094,35396
Jemmie Eilles,jeilles3b@instagram.com,2012581834,49561
Esra Kynan,ekynan3c@nyu.edu,4586200657,72313
Nolly Semarke,nsemarke3d@bbc.co.uk,5497351097,74031
Luci Suffield,lsuffield3e@japanpost.jp,6029150953,55809
Anna Pyrah,apyrah3f@businessweek.com,4564294086,71882
Gracie Pringle,gpringle3g@umich.edu,4921522916,90251
Welsh Vogele,wvogele3h@gravatar.com,6092164275,53394
Olwen Goney,ogoney3i@paypal.com,6915838455,94005
Zilvia Wix,zwix3j@flickr.com,6824730506,53046
Felice Kubiak,fkubiak3k@census.gov,7104723716,47031
Michaela Farnan,mfarnan3l@jugem.jp,9621627911,34521
Cesar Pee,cpee3m@home.pl,3619923350,35645
Sancho Aykroyd,saykroyd3n@ibm.com,3038294372,36602
Winthrop Covotto,wcovotto3o@cargocollective.com,3363779427,55073
Jeffy Killock,jkillock3p@google.ru,3883093034,40918
Dania Machan,dmachan3q@senate.gov,9673471991,79337
Ermanno Duffin,eduffin3r@pbs.org,3198999104,40916
Juliane Whitford,jwhitford3s@vk.com,3477310578,49351
Devina Devin,ddevin3t@cam.ac.uk,1479996810,69284
Fifi Tacker,ftacker3u@desdev.cn,5503760814,50577
Etan Vawton,evawton3v@amazonaws.com,9417381992,45289
Tabbitha Twydell,ttwydell3w@youtube.com,8768407575,60853
Nehemiah Mussared,nmussared3x@cloudflare.com,1178518259,62512
Allyson Giriardelli,agiriardelli3y@instagram.com,6586554700,89633
Benjy Fellenor,bfellenor3z@shareasale.com,4881461529,83083
Isa Nitti,initti40@domainmarket.com,5733826020,74741
Curr Hains,chains41@noaa.gov,4153361358,31602
Guenevere Lauderdale,glauderdale42@eventbrite.com,9006108551,48769
Maynord Leppo,mleppo43@blogs.com,8548644626,71522
Anatol Spaule,aspaule44@sitemeter.com,5138353362,38209
Ami Maymond,amaymond45@twitpic.com,1237115930,80561
May Shepherd,mshepherd46@51.la,2927093574,96785
Claretta Mewett,cmewett47@technorati.com,9389052279,71359
Bunny Stearn,bstearn48@google.ca,6548681893,99205
Calida Fruin,cfruin49@vistaprint.com,4811314237,98317
Alden Ord,aord4a@ask.com,3915777339,76586
Cy Guerra,cguerra4b@uol.com.br,3701738879,77543
Gaven Gundry,ggundry4c@shareasale.com,3095115709,86652
Helen-elizabeth Decourt,hdecourt4d@webmd.com,4697655690,80100
Kele Zettler,kzettler4e@stanford.edu,3504955692,89035
Merna Talbot,mtalbot4f@hostgator.com,2183798018,65702
Ajay Pionter,apionter4g@phoca.cz,3012620754,82885
Eda Garley,egarley4h@businessinsider.com,5342876031,66090
Tod Lorincz,tlorincz4i@salon.com,1768507730,29282
Astra Liveley,aliveley4j@netlog.com,7037051438,55736
Madelyn Norquay,mnorquay4k@cbsnews.com,4962592027,25372
Obidiah Tooze,otooze4l@cbslocal.com,1224526135,48865
Eamon Lukes,elukes4m@multiply.com,7168191288,63557
Blancha Grabeham,bgrabeham4n@nps.gov,5157225959,59118
Rainer Rasor,rrasor4o@webmd.com,3435181424,81528
Gearalt Merrgan,gmerrgan4p@walmart.com,7223177271,58206
Gale Taig,gtaig4q@miibeian.gov.cn,3683032831,62039
Lauretta Fursey,lfursey4r@plala.or.jp,4189331268,64141
Gilles Grafom,ggrafom4s@stumbleupon.com,5713410377,50249
Zarah Stanislaw,zstanislaw4t@china.com.cn,5134413016,52216
Kele Whitmore,kwhitmore4u@icio.us,6521998530,39469
Lorianne Emburey,lemburey4v@mlb.com,7362931897,84707
Lucio Di Gregorio,ldi4w@answers.com,4717799433,53771
Lawton Hackelton,lhackelton4x@independent.co.uk,9544294417,65625
Allen Breeton,abreeton4y@theatlantic.com,1346241432,85553
Verina Senior,vsenior4z@google.ca,1459408740,48222
Hugibert Pach,hpach50@spotify.com,6798916314,73409
Eunice Peschet,epeschet51@dedecms.com,9379221316,98005
Stormie Lyal,slyal52@mlb.com,8427102099,55963
Kaine Regler,kregler53@xing.com,4988295502,68586
Jason Bickerstasse,jbickerstasse54@imgur.com,5059681029,75742
Almire Commins,acommins55@sciencedirect.com,9895471521,51843
Rolf Medcraft,rmedcraft56@sbwire.com,1415346640,88556
Freddy Flobert,fflobert57@delicious.com,5722341135,35822
Cirstoforo Olivas,colivas58@weibo.com,1368405894,45804
Malanie Crinson,mcrinson59@disqus.com,7897299792,74841
Sheilakathryn Dingley,sdingley5a@yellowbook.com,1776625242,59217
Tripp McJury,tmcjury5b@apple.com,1292859377,77295
Leupold Maskrey,lmaskrey5c@epa.gov,5611214892,89079
Kelsey Nanelli,knanelli5d@nih.gov,7042592013,55935
Bil Harker,bharker5e@indiegogo.com,7376311031,25285
Minette Innocent,minnocent5f@linkedin.com,9197872416,66392
Wilt Rustadge,wrustadge5g@guardian.co.uk,6368188092,45246
Linell Routledge,lroutledge5h@networkadvertising.org,1061317826,71031
Nanni Feake,nfeake5i@nydailynews.com,3324373691,73862
Haleigh Brugemann,hbrugemann5j@newsvine.com,9512091590,96284
Maryjane Fomichyov,mfomichyov5k@unicef.org,7346866987,42281
Anallese Sparshott,asparshott5l@hc360.com,1178414707,61904
Erminie Hansbury,ehansbury5m@furl.net,2579272310,42120
Beverie Bretland,bbretland5n@cpanel.net,4031051749,49765
Lyndel Brookesbie,lbrookesbie5o@123-reg.co.uk,8165153015,98304
Jacintha Straun,jstraun5p@vinaora.com,8912796369,54569
Veronique Yanshinov,vyanshinov5q@51.la,1362199078,81801
Mariel Hymans,mhymans5r@wikia.com,4841981373,48243
Zorina Corde,zcorde5s@comcast.net,4554344370,55274
Enrico Margetson,emargetson5t@blinklist.com,4799430874,87398
Ferdinande Kenaway,fkenaway5u@washington.edu,9972073141,35719
Sarene Millmoe,smillmoe5v@msn.com,5396001639,62906
Noam Lowy,nlowy5w@weather.com,7829723230,55038
Donella Hughland,dhughland5x@biglobe.ne.jp,6849179803,34512
Kassia Pawden,kpawden5y@msu.edu,5752561181,92601
Jacintha Axton,jaxton5z@prlog.org,5037396529,48881
Jonathan Leitche,jleitche60@hubpages.com,6469910330,60147
Fianna MacClure,fmacclure61@unblog.fr,2893157818,52403
Morgana Tregunna,mtregunna62@craigslist.org,2364785569,79273
Cecilia Savatier,csavatier63@mozilla.com,1285247908,81708
Mariana Ridgway,mridgway64@nytimes.com,2815777193,29677
Kristel Padgett,kpadgett65@smh.com.au,4958861476,88724
Faythe Bent,fbent66@booking.com,5539076682,55591
Veronica Firidolfi,vfiridolfi67@edublogs.org,8206954669,53628
Lorenzo Quinnelly,lquinnelly68@unicef.org,8427101432,32777
Eadmund Kemmey,ekemmey69@scientificamerican.com,8134656898,32422
Brandy De Benedetti,bde6a@sfgate.com,6366126865,50908
Ulrike Wandtke,uwandtke6b@privacy.gov.au,6143823295,48408
Philomena Hammarberg,phammarberg6c@deviantart.com,3783264134,37297
Boonie Feirn,bfeirn6d@baidu.com,2542487385,25800
Margalo Roberds,mroberds6e@blogger.com,8257400259,69349
Bary Morgen,bmorgen6f@skype.com,8523854567,71199
Trina Lodewick,tlodewick6g@army.mil,9052053094,79930
Pablo Sarver,psarver6h@linkedin.com,7454029059,63326
Munmro Gilbank,mgilbank6i@360.cn,1198071851,52223
Penni Cleary,pcleary6j@ucoz.ru,2318137244,56595
Brett Hansley,bhansley6k@a8.net,8565331728,70893
Darrin Cullen,dcullen6l@mapy.cz,4603311848,54400
Kiah Lindenblatt,klindenblatt6m@edublogs.org,6323191883,89253
Joelie Leroux,jleroux6n@economist.com,5413503030,73305
Victoir Haresign,vharesign6o@timesonline.co.uk,6477248818,65137
Brier Roma,broma6p@indiatimes.com,1648674477,68107
Colene Dreher,cdreher6q@vk.com,7682458832,39419
Lucine Treneer,ltreneer6r@nih.gov,8402499458,41659
Rosco Crunden,rcrunden6s@1688.com,5033022059,55819
Sergent Bundey,sbundey6t@ed.gov,8274545629,55679
Forester Sykora,fsykora6u@com.com,3638724592,70022
Emlynne Idenden,eidenden6v@sitemeter.com,2252794861,73133
Carita Beeres,cbeeres6w@canalblog.com,3314881272,61589
Herc Glitherow,hglitherow6x@cisco.com,6388423244,35659
Thorsten Apedaile,tapedaile6y@webeden.co.uk,4448284826,34603
Roseline Beattie,rbeattie6z@gmpg.org,4454825167,26051
Mavis Guittet,mguittet70@walmart.com,8939976195,66675
Goldy Ritelli,gritelli71@utexas.edu,9381288686,79991
Orelia Albiston,oalbiston72@twitpic.com,7565429752,98334
Cassaundra Dimitriou,cdimitriou73@cbc.ca,5466241246,34403
Stephenie Huleatt,shuleatt74@g.co,3598154474,44108
Artemus Mattock,amattock75@devhub.com,4398691846,51630
Ethelin Dobbings,edobbings76@chicagotribune.com,1379778742,48898
Colas Coade,ccoade77@princeton.edu,7288158788,95121
Evy Holt,eholt78@sina.com.cn,7075389739,60726
Tabatha Feeney,tfeeney79@live.com,1004235447,31357
Rayner Birtle,rbirtle7a@who.int,6174205093,72173
Kathi Filippov,kfilippov7b@list-manage.com,1164306246,46797
Kenny Johanning,kjohanning7c@list-manage.com,9718209774,98945
Sibbie Lavies,slavies7d@cnbc.com,1829890594,92328
Mela Newstead,mnewstead7e@altervista.org,5704158753,90601
Gideon Gomm,ggomm7f@squarespace.com,1274797423,39469
Prudence Brenston,pbrenston7g@mediafire.com,3265479195,49926
Athena Webber,awebber7h@e-recht24.de,8256676784,34026
Perl Lavallie,plavallie7i@t.co,8156859392,94239
Trudi Seeler,tseeler7j@dot.gov,8214516537,52458
Cherida Knowler,cknowler7k@ted.com,2804851525,96356
Diann Walisiak,dwalisiak7l@nhs.uk,2165627127,91974
Curry Boyne,cboyne7m@globo.com,2097409457,34034
Balduin Blainey,bblainey7n@blinklist.com,8931357102,89617
Hendrik Verbeke,hverbeke7o@studiopress.com,6687102560,91480
Alphonse Blunsen,ablunsen7p@tinyurl.com,3567672584,44405
Duane Reoch,dreoch7q@amazonaws.com,7708882643,54376
Elfrida Drewes,edrewes7r@amazon.co.uk,1445619351,31180
Vasily Cregg,vcregg7s@unesco.org,3792030798,82246
Leshia Cadany,lcadany7t@slate.com,4908585367,96262
Rhoda Dyball,rdyball7u@github.io,4127905432,93576
Kiah Kyttor,kkyttor7v@tripadvisor.com,5629941793,90874
Maye Hallin,mhallin7w@usatoday.com,5771647980,42861
Yehudit Need,yneed7x@paypal.com,3258692353,66304
Nadiya Vasse,nvasse7y@google.ca,2672683557,70259
Shanie Capnor,scapnor7z@harvard.edu,9461653291,69036
Kenny Bartoloma,kbartoloma80@pen.io,1926447221,37914
Ulla Rubroe,urubroe81@reuters.com,8668995367,34573
Waylon Faill,wfaill82@mayoclinic.com,5068451799,95681
Grove Lahive,glahive83@fema.gov,8639762123,47601
Gabriell Langstone,glangstone84@cbsnews.com,2944341775,37655
Abdul Klousner,aklousner85@cargocollective.com,3486787704,97761
Joan Zanicchelli,jzanicchelli86@ocn.ne.jp,9877411934,70025
Mayer Benditt,mbenditt87@msn.com,3206102065,41074
Fae Keach,fkeach88@si.edu,4909652340,99159
Nicholas Glover,nglover89@wikipedia.org,6785287674,75051
Tanney Keir,tkeir8a@stumbleupon.com,8658482735,38938
Gabbey Shalcras,gshalcras8b@msn.com,2994200058,87330
Charity Simko,csimko8c@jimdo.com,8497096661,56625
Massimo Meineking,mmeineking8d@state.gov,6845889198,91050
Jeanelle Grieveson,jgrieveson8e@ca.gov,5951467385,68954
Wandis Le Floch,wle8f@cafepress.com,2198653224,85526
Deloris Gigg,dgigg8g@gnu.org,7614471863,62150
Bing Macartney,bmacartney8h@dion.ne.jp,2813142781,94978
Tucky Perillo,tperillo8i@nytimes.com,2104815328,93322
Rebekkah Breagan,rbreagan8j@drupal.org,6611656917,35052
Frank Doni,fdoni8k@globo.com,1053660338,88913
Marney Niset,mniset8l@statcounter.com,4359372257,94061
Brien Jirek,bjirek8m@infoseek.co.jp,1441930326,58941
Clementius Fincke,cfincke8n@technorati.com,2978062032,85297
Gus Chicchetto,gchicchetto8o@so-net.ne.jp,4149530974,74641
Ruthie Baert,rbaert8p@altervista.org,7516258348,93151
Monique Burchill,mburchill8q@bandcamp.com,2351824908,30392
Thibaud Deverick,tdeverick8r@samsung.com,1999710041,70720
Trace Saffer,tsaffer8s@pinterest.com,5233834544,82324
Val Gartenfeld,vgartenfeld8t@1688.com,1733533265,47833
Bo Blanshard,bblanshard8u@earthlink.net,8714998534,35341
Jackie Marikhin,jmarikhin8v@google.com.au,4445941380,64284
Faina Shrawley,fshrawley8w@taobao.com,7231797584,45486
Magda Beacham,mbeacham8x@cmu.edu,9997699848,27604
Hartwell Fargie,hfargie8y@purevolume.com,4982141527,77286
Selina Edlin,sedlin8z@independent.co.uk,3366949952,25998
Rozanna Broadstock,rbroadstock90@seesaa.net,4702233118,87173
Laurel Hadley,lhadley91@over-blog.com,2749033216,61346
Franklin Timmens,ftimmens92@cam.ac.uk,6095655999,87511
Cinderella Smalls,csmalls93@tmall.com,2463883315,39731
Frank Kroger,fkroger94@miibeian.gov.cn,9153721096,48887
Sarge Degue,sdegue95@parallels.com,6292802042,48703
Hadrian Pietrzak,hpietrzak96@unicef.org,5173631924,34261
Babbette Braid,bbraid97@nydailynews.com,9266000756,68198
Ermengarde Cory,ecory98@slate.com,7522322668,54120
Cacilie Damarell,cdamarell99@ucoz.com,3599336752,79980
Truda Berfoot,tberfoot9a@ovh.net,2831807677,97442
Carina Garmons,cgarmons9b@boston.com,3333511765,35165
Jone Skipper,jskipper9c@themeforest.net,8109605446,30130
Hagen Jaskowicz,hjaskowicz9d@creativecommons.org,9914369718,73513
Juanita Nutty,jnutty9e@toplist.cz,8097455765,30351
Holli Steeples,hsteeples9f@friendfeed.com,1063913212,73195
Marsh Larcier,mlarcier9g@wufoo.com,1837565734,48956
Hedvige Asken,hasken9h@cam.ac.uk,7032053153,68173
Bradney Germain,bgermain9i@51.la,6981289826,51624
Alvin Gulliver,agulliver9j@bloomberg.com,3437081227,88264
Meryl Angell,mangell9k@51.la,4744081746,47062
Arel Johnigan,ajohnigan9l@biglobe.ne.jp,4145287568,49287
Dorene Bundy,dbundy9m@cdc.gov,5548128487,96305
Maxie Kiellor,mkiellor9n@blogspot.com,9032502426,47966
Boony Taynton,btaynton9o@biblegateway.com,6638233270,43379
Reece Hixson,rhixson9p@wordpress.com,3026278010,77544
Robbie Gerlts,rgerlts9q@linkedin.com,6595161904,53516
Aleda Duggan,aduggan9r@economist.com,2844727252,47960
Jacklyn Stucksbury,jstucksbury9s@usatoday.com,6391530805,68542
Alana Baggs,abaggs9t@businessweek.com,8943200178,89559
Swen Swadling,sswadling9u@chicagotribune.com,6503668147,40639
Rip Rosenhaupt,rrosenhaupt9v@google.fr,9363244700,36518
Boyd Rein,brein9w@usa.gov,5929100285,35701
Ellary Thirtle,ethirtle9x@ehow.com,6106440922,50796
Dona Duffan,dduffan9y@paginegialle.it,4178926712,95098
Ase Schroter,aschroter9z@auda.org.au,8238056083,69659
Maud Corneille,mcorneillea0@nydailynews.com,5489737244,81297
Mei Terzo,mterzoa1@blinklist.com,4669238019,47523
Sandy Castagno,scastagnoa2@sina.com.cn,1166298966,30738
Elise Forber,eforbera3@yahoo.com,6622982347,57231
Bronson Drydale,bdrydalea4@feedburner.com,8085335490,82350
Giselle Fergyson,gfergysona5@upenn.edu,5752030502,83967
Marji Farrer,mfarrera6@state.tx.us,6231496616,33561
Britte Naper,bnapera7@netlog.com,8737093101,65991
Isac Bake,ibakea8@blogspot.com,8749273606,62203
Derward Rubee,drubeea9@dailymotion.com,4078838945,41426
Inna de Voiels,ideaa@youtu.be,3799071081,59567
Olag Revett,orevettab@so-net.ne.jp,1999474994,74299
Cornelia Gemmill,cgemmillac@behance.net,7417108616,93291
Benyamin Gasticke,bgastickead@blogger.com,9349061665,90476
Mildrid Hearst,mhearstae@surveymonkey.com,4566473519,35181
Rafa Doctor,rdoctoraf@umich.edu,8473182405,94573
Donelle Nanetti,dnanettiag@hubpages.com,7799451284,50100
Wood Eminson,weminsonah@shop-pro.jp,5677743766,47068
Maureene Shedden,msheddenai@apple.com,7068638965,25328
Hirsch Beake,hbeakeaj@biblegateway.com,2367352810,67802
Cherice Beaumont,cbeaumontak@sakura.ne.jp,4572223409,76441
Beitris Bukowski,bbukowskial@cnet.com,3404519636,98170
Cami Shellum,cshellumam@ftc.gov,7813820939,28189
Chiarra Sells,csellsan@odnoklassniki.ru,5182011687,41151
Merrilee Pedrick,mpedrickao@weebly.com,1097454161,79124
Richy Witherbed,rwitherbedap@hostgator.com,9062846874,79392
Sanson Gronow,sgronowaq@t.co,2288592560,94998
Amelia Greader,agreaderar@opensource.org,2118406746,61679
Franklyn Camous,fcamousas@drupal.org,7671559333,85084
Gianina Ardern,gardernat@prlog.org,1956163789,41577
Boycey Midlar,bmidlarau@umich.edu,6129062807,40715
Ruy Jedrzejczak,rjedrzejczakav@nytimes.com,6961020556,72502
Mallory Wallbank,mwallbankaw@bing.com,3471584424,69697
Caprice Stanyan,cstanyanax@simplemachines.org,8555668507,76610
Wadsworth Daughtery,wdaughteryay@w3.org,8348491316,43166
Pablo McAlees,pmcaleesaz@fema.gov,7074839682,67889
Hatti Filmer,hfilmerb0@networksolutions.com,8412643343,80951
Elsie Ransbury,eransburyb1@canalblog.com,1339663715,86591
Averil Sharpus,asharpusb2@hhs.gov,1488351638,88490
Geralda Priestman,gpriestmanb3@xing.com,3202129682,71253
Worden Lago,wlagob4@gov.uk,2951967456,73056
Kinnie Tatlock,ktatlockb5@bigcartel.com,3637484632,72282
Allianora Bartley,abartleyb6@sun.com,2374389849,25431
Jacky Bickerdyke,jbickerdykeb7@ameblo.jp,9065097847,29933
Templeton Spellesy,tspellesyb8@photobucket.com,8178968079,83467
Darryl Betteriss,dbetterissb9@nyu.edu,2581360969,94634
Hillier Maier,hmaierba@sbwire.com,7098578046,91693
Petey Pennycook,ppennycookbb@yandex.ru,2593636569,97837
Hedi Pellman,hpellmanbc@ehow.com,7215432402,42271
Stepha Bail,sbailbd@amazon.de,8072967433,98250
Susi Urvoy,survoybe@phpbb.com,2372007653,48752
Dorri MacArdle,dmacardlebf@rambler.ru,3619534759,78246
Davidde Petriello,dpetriellobg@forbes.com,1769237592,47718
Karole Bodechon,kbodechonbh@sakura.ne.jp,7783323623,46172
Prentice Philippard,pphilippardbi@woothemes.com,8478804870,62932
Liliane MacAskill,lmacaskillbj@miibeian.gov.cn,8017354581,72198
Dmitri Gregoretti,dgregorettibk@gizmodo.com,3294983579,93435
Clarissa Konzelmann,ckonzelmannbl@reference.com,8817153890,46218
Carter Bernardez,cbernardezbm@sun.com,4048788887,51441
Rodolfo Kirkbride,rkirkbridebn@arstechnica.com,4525651777,53852
Clerissa Winslett,cwinslettbo@weebly.com,8548375242,89412
Monro Santus,msantusbp@mapquest.com,9173421774,75196
Halley Killough,hkilloughbq@domainmarket.com,2184713584,27847
Xylia Husby,xhusbybr@ted.com,4728651126,41743
Dunn Merritt,dmerrittbs@npr.org,9442909492,64288
Jordain Boulder,jboulderbt@cam.ac.uk,5549132626,80894
Jillene Kirtley,jkirtleybu@yellowbook.com,5179343253,38172
Wilek Bockmann,wbockmannbv@telegraph.co.uk,1077789198,67659
Sidney Argue,sarguebw@ebay.com,1588131693,60328
Chloris Flahy,cflahybx@ifeng.com,3172448179,96991
Liva D'Souza,ldsouzaby@ucoz.ru,5005709352,34829
Brittany Jewks,bjewksbz@bigcartel.com,7705705850,41066
Rubina Wreak,rwreakc0@va.gov,8662080007,55810
Edwin Heathorn,eheathornc1@boston.com,1514185064,50437
Janka Wheble,jwheblec2@toplist.cz,3188292469,87480
Nero Lohoar,nlohoarc3@e-recht24.de,1034613061,38291
Audra Dominelli,adominellic4@squidoo.com,8477012474,74520
Serena Chastand,schastandc5@hhs.gov,1437923250,91421
Rafael MacAscaidh,rmacascaidhc6@unblog.fr,6522228843,69287
Lezlie Clyburn,lclyburnc7@amazon.com,9508056719,30585
Raymond Wield,rwieldc8@goo.gl,5012597550,55399
Jazmin Blagburn,jblagburnc9@hc360.com,1617540187,46479
Fidelia Lauderdale,flauderdaleca@diigo.com,9974583620,91916
Tania Yakhin,tyakhincb@noaa.gov,2702543637,48548
Mordy Ehlerding,mehlerdingcc@irs.gov,2585808677,51361
Damaris Vizor,dvizorcd@ebay.co.uk,1344165994,51558
Eugenie A'field,eafieldce@eepurl.com,1233032699,93238
Aloise McKernon,amckernoncf@ucla.edu,4153079115,53319
Eb Omar,eomarcg@smugmug.com,8607331029,89253
Niven St. Leger,nstch@si.edu,8546057046,89773
Toddy Gaggen,tgaggenci@epa.gov,9563002384,78449
Caresa Dibling,cdiblingcj@state.tx.us,4697080587,74347
Brinna Archell,barchellck@amazon.co.uk,3987988562,89908
Gamaliel Landrean,glandreancl@ehow.com,9746268334,48230
Stanton Smallacombe,ssmallacombecm@google.ru,7424815955,41466
Noellyn Moulin,nmoulincn@ft.com,3877261649,94578
Cherye Bittany,cbittanyco@google.fr,6754882054,41356
Dalila Showte,dshowtecp@time.com,5338206083,77284
Karia Wildin,kwildincq@ovh.net,9716447441,41469
Rodger Chasemore,rchasemorecr@so-net.ne.jp,5974313101,78085
Fredra Pentecost,fpentecostcs@guardian.co.uk,4226824875,92727
Erick Tozer,etozerct@bandcamp.com,1298255671,37454
Malissia Bowman,mbowmancu@shop-pro.jp,1439093867,42535
Sarena Erangy,serangycv@taobao.com,1063911331,26341
Leonid Hellwing,lhellwingcw@goo.ne.jp,8895345194,69152
Antoinette Hubback,ahubbackcx@fotki.com,1955445407,35803
Gay Pawlaczyk,gpawlaczykcy@ask.com,7655924930,94455
Mischa Elbourn,melbourncz@networkadvertising.org,1302185142,34787
Abbey Frunks,afrunksd0@hao123.com,3115473451,78443
Minerva Mazillius,mmazilliusd1@redcross.org,3922663788,77331
Clarance Bahde,cbahded2@ibm.com,1647582203,49773
Lucille Labusquiere,llabusquiered3@webnode.com,3738589495,97869
Merrilee Barfford,mbarffordd4@google.ru,4107805842,46249
Gavra Bottrill,gbottrilld5@ihg.com,2834525206,94057
Johnette Ronchetti,jronchettid6@wp.com,3652197523,95387
Addison Proske,aprosked7@squarespace.com,7504002389,66606
Constantino Jinkins,cjinkinsd8@freewebs.com,3943621508,79704
Cecelia Domesday,cdomesdayd9@paginegialle.it,3974047856,34753
Gayelord Argue,gargueda@sourceforge.net,9079451118,54229
Laural Gisbye,lgisbyedb@epa.gov,1664777261,92008
Alana Trench,atrenchdc@newsvine.com,1608344994,94288
Betti Skingle,bskingledd@last.fm,5033591251,46452
Gaby Feldberg,gfeldbergde@cdc.gov,9585606077,86218
Leelah Camerana,lcameranadf@umich.edu,7671715772,28034
Sybilla Biggerdike,sbiggerdikedg@accuweather.com,2347617464,47109
Codi Clemas,cclemasdh@theglobeandmail.com,1711183454,79470
Nancee McCanny,nmccannydi@unicef.org,2807988010,71987
Tatiana Maven,tmavendj@cyberchimps.com,2858914538,43406
Marlyn Nurny,mnurnydk@yale.edu,2823078432,39461
Rosie Catterall,rcatteralldl@kickstarter.com,9569152678,28485
Barnett Murden,bmurdendm@pbs.org,5804024173,47483
Tarra Cheevers,tcheeversdn@spotify.com,2144060799,29728
Basile McCarlie,bmccarliedo@google.com.hk,6878512986,90437
Matilda Orviss,morvissdp@accuweather.com,9431652954,84934
Windy Jewers,wjewersdq@marketwatch.com,5929711009,59919
Herc Streeten,hstreetendr@nyu.edu,5953027523,82332
Patton Edelmann,pedelmannds@patch.com,2038200538,70962
Olga Balffye,obalffyedt@pinterest.com,5643031459,88550
Bunni Cloney,bcloneydu@smh.com.au,6478228311,35344
Minnnie Locke,mlockedv@xing.com,4542507642,97158
Merrick Jeschner,mjeschnerdw@redcross.org,9158927530,27708
Manny Schruurs,mschruursdx@ycombinator.com,2341139390,49655
Kliment Gitsham,kgitshamdy@zdnet.com,6399948253,26053
Aggy Mennell,amennelldz@weebly.com,7994418130,81422
Willyt Chalmers,wchalmerse0@eventbrite.com,8617678483,82081
Garry McClune,gmcclunee1@hao123.com,5155441924,34219
Millie Edgson,medgsone2@arstechnica.com,9738019302,40352
Jasen Derell,jderelle3@hud.gov,9155270154,50894
Lynne Worge,lworgee4@privacy.gov.au,4466190380,34896
Evangelina Ilchuk,eilchuke5@cyberchimps.com,4192379131,49346
Huberto McVey,hmcveye6@bbb.org,4516750769,31186
Alexa Pacquet,apacquete7@google.ru,2125726644,70232
Vanna Tomczykowski,vtomczykowskie8@posterous.com,1794725361,37282
Cathi MacGhee,cmacgheee9@hao123.com,9806371979,67729
Sergei Morrid,smorridea@sina.com.cn,2687484200,36810
Tierney Dodimead,tdodimeadeb@digg.com,6151073885,62716
Hubert Lucken,hluckenec@tripod.com,6401360417,94304
Tanny Battrick,tbattricked@dagondesign.com,3154859142,44092
Calv McGennis,cmcgennisee@nhs.uk,2225301825,64901
Annette Dellatorre,adellatorreef@blogtalkradio.com,1367259140,47631
Ky Danell,kdanelleg@google.pl,7041735624,51573
June Wetherell,jwetherelleh@eventbrite.com,8058592045,71762
Ari Birrell,abirrellei@elpais.com,6531809016,70550
Courtney Packer,cpackerej@istockphoto.com,5783435989,31203
Marion Waggitt,mwaggittek@tuttocitta.it,9368512066,52417
Hilda Osban,hosbanel@gizmodo.com,7755743526,84889
Noll Brittian,nbrittianem@macromedia.com,9695698970,29263
Gian Purse,gpurseen@statcounter.com,7945506372,71213
Belvia Halloway,bhallowayeo@cmu.edu,4137220006,43641
Eleonora Biagini,ebiaginiep@admin.ch,7947275018,52294
Joela Crewther,jcrewthereq@mapquest.com,4972711418,77208
Marlon Collelton,mcolleltoner@w3.org,1009636308,29403
Job Batey,jbateyes@bloomberg.com,1024333086,86262
Gardiner Wilkowski,gwilkowskiet@delicious.com,3365995835,75772
Quinta Pavis,qpaviseu@jalbum.net,9979707289,26210
Cathe Braferton,cbrafertonev@nature.com,2455471832,82505
Wallis Seckington,wseckingtonew@sbwire.com,4444035570,38161
Brantley Bonett,bbonettex@samsung.com,7916253158,45095
Melony Pardie,mpardieey@gmpg.org,6723952504,74479
Mandie Batthew,mbatthewez@harvard.edu,6186806244,67490
Cherri Gasnoll,cgasnollf0@sciencedirect.com,7183934944,75524
Sonny Hadaway,shadawayf1@tiny.cc,8059439978,85397
Thomasin Stoppard,tstoppardf2@google.nl,3729752666,35998
Skell Scaife,sscaifef3@ning.com,5556972815,90904
Delores Purvis,dpurvisf4@edublogs.org,7306562710,31880
Issy Browncey,ibrownceyf5@privacy.gov.au,9696075673,26393
Gwenneth Greggor,ggreggorf6@mapquest.com,3663646977,96214
Cully Whyborn,cwhybornf7@psu.edu,9968119668,61599
Arri Schwand,aschwandf8@meetup.com,4621594833,55631
Leshia MacCaughen,lmaccaughenf9@google.pl,8168058086,60267
Ambrosio Geall,ageallfa@woothemes.com,3515602640,66682
Kat Paskerful,kpaskerfulfb@dagondesign.com,9003178457,61606
Nappy Winning,nwinningfc@wsj.com,5146612091,75267
Marlon McEnhill,mmcenhillfd@youtube.com,6956993976,53046
Donnajean Mayberry,dmayberryfe@usda.gov,1052966872,85022
Rivy Fipp,rfippff@ox.ac.uk,4986342446,79461
Morgana Sancto,msanctofg@1688.com,6371904200,65981
Marc MacKee,mmackeefh@hugedomains.com,8362069288,77551
Livia Marvel,lmarvelfi@cdbaby.com,5946564366,69740
Clementia Ortet,cortetfj@shop-pro.jp,8513937336,45632
Tonya Baxill,tbaxillfk@bbb.org,4328790251,32219
Georgena Swinburn,gswinburnfl@symantec.com,6845168568,90323
Norrie Fancott,nfancottfm@plala.or.jp,1034503854,50640
Hannie Eisikowitch,heisikowitchfn@google.co.jp,1638964230,79834
Filberto Paramor,fparamorfo@exblog.jp,3277591543,39984
Webster Bjorkan,wbjorkanfp@ibm.com,3202240404,47023
Charlean Verling,cverlingfq@360.cn,4525755591,65629
Wernher Thomke,wthomkefr@gizmodo.com,7416039998,31285
Rip Moens,rmoensfs@github.com,6594297656,51818
Catharina Stainbridge,cstainbridgeft@nationalgeographic.com,6903176230,28890
Christoffer Conochie,cconochiefu@state.tx.us,4532366134,35073
Cy Collen,ccollenfv@wisc.edu,4094779568,69016
Georgie Callam,gcallamfw@cnet.com,6709202152,68883
Hagan Branson,hbransonfx@columbia.edu,7563537367,86663
Kaile Curson,kcursonfy@bloglines.com,3334021546,55099
Vincenty Eslinger,veslingerfz@gizmodo.com,3672799101,99298
Philis Scarrisbrick,pscarrisbrickg0@constantcontact.com,6282344125,64187
Dom Lock,dlockg1@prnewswire.com,8238990341,45363
Timi Braune,tbrauneg2@google.com.au,4426087071,26707
Raoul Jackes,rjackesg3@printfriendly.com,4798243150,77050
Tymon Jewes,tjewesg4@pagesperso-orange.fr,7282265900,98116
Mariel Lannin,mlanning5@sun.com,7687197894,26225
Bea Sidnell,bsidnellg6@example.com,6557470800,27119
Ken Carruthers,kcarruthersg7@hibu.com,4081938591,38195
Haily Luetchford,hluetchfordg8@washingtonpost.com,7456434215,92151
Jone Eskrick,jeskrickg9@taobao.com,3131052814,64801
Anna-maria Paulat,apaulatga@ycombinator.com,5865716771,38808
Barbee Dickings,bdickingsgb@wordpress.org,7606347539,91303
Krisha Facchini,kfacchinigc@upenn.edu,3209736800,62877
Ricard Plews,rplewsgd@nifty.com,7018565724,70833
Korney Finlan,kfinlange@seattletimes.com,6385136744,96749
Morgan Gillaspy,mgillaspygf@epa.gov,8402849313,71859
Augustina Shaxby,ashaxbygg@themeforest.net,5126290791,94313
Arleyne Cossins,acossinsgh@unesco.org,6536889904,80749
Judon Domican,jdomicangi@nationalgeographic.com,2141409682,74948
Charlean Dowderswell,cdowderswellgj@washingtonpost.com,8498912935,84529
Rodney Dimmer,rdimmergk@tinypic.com,6213438523,58867
Ruddy Darby,rdarbygl@ocn.ne.jp,8752500892,25971
Mitchell Wallworke,mwallworkegm@exblog.jp,3273242509,69303
Berta Lugg,blugggn@guardian.co.uk,3023865695,42759
Giselbert Hennemann,ghennemanngo@nymag.com,7627068285,29610
Sean Ficken,sfickengp@wired.com,2425118781,69529
Idaline Petracek,ipetracekgq@census.gov,9286759473,61171
Manda Ranger,mrangergr@lycos.com,8458379975,74696
Chris Beebee,cbeebeegs@nhs.uk,9561110237,64997
Felecia Cosford,fcosfordgt@dropbox.com,6452461465,72672
Jameson Garrood,jgarroodgu@etsy.com,3026307607,68081
Hilary Aleksahkin,haleksahkingv@fotki.com,7296578676,59922
Giacopo MacCoughen,gmaccoughengw@umn.edu,3624420408,32688
Domingo Meysham,dmeyshamgx@facebook.com,2467457387,96663
Susi Curnokk,scurnokkgy@yandex.ru,9428472610,31221
Caesar Hamfleet,chamfleetgz@reverbnation.com,1507891702,96340
Tiphany Ornelas,tornelash0@si.edu,6114924691,65578
Cindelyn Hudleston,chudlestonh1@bbb.org,3468708777,37822
Cleavland Toplin,ctoplinh2@cdc.gov,1117569071,37182
Tadio Winspear,twinspearh3@squidoo.com,4132498079,79346
Binni Trevance,btrevanceh4@marriott.com,8797749128,72143
Chrisy Skahill,cskahillh5@arizona.edu,9913763111,78908
Dottie Bonnefin,dbonnefinh6@mail.ru,6903353624,35197
Emmit Vlasyuk,evlasyukh7@cpanel.net,1966802430,67974
Kirby Kepp,kkepph8@ebay.co.uk,1926709024,32023
Carilyn Elles,cellesh9@sohu.com,1153437890,50460
Patrizio Jirsa,pjirsaha@weather.com,7038249477,90982
Timothee Corradini,tcorradinihb@sakura.ne.jp,9561212493,58607
Roshelle Benoiton,rbenoitonhc@1688.com,5625801930,30107
Ferdinanda Arman,farmanhd@cbc.ca,6145003849,81145
Linea Riepl,lrieplhe@msu.edu,3967556797,96646
Lauraine Hursey,lhurseyhf@sogou.com,3652386615,99088
Ivette Stockau,istockauhg@google.it,8682004727,80001
Edythe Grenkov,egrenkovhh@zimbio.com,8562068861,43185
Bliss Miroy,bmiroyhi@admin.ch,1288282896,28544
Chariot Izaks,cizakshj@wordpress.org,7452318385,55280
Eran Aldis,ealdishk@admin.ch,1054144377,32427
Garvey Barrowcliffe,gbarrowcliffehl@phpbb.com,9424243271,41272
Odelinda Cossey,ocosseyhm@goo.gl,9982470566,44397
Averill Rendle,arendlehn@so-net.ne.jp,2582441035,72419
Ursala Lennard,ulennardho@blogger.com,2669262597,27337
Letitia Riolfi,lriolfihp@spotify.com,3074788750,75357
Puff Limrick,plimrickhq@mit.edu,6601553855,73762
Georgeta Disman,gdismanhr@irs.gov,5939131085,99711
Vittoria Pinnington,vpinningtonhs@pen.io,3412628545,27048
Faber Estoile,festoileht@gnu.org,3988964183,79622
Jim Keeble,jkeeblehu@google.co.jp,4234190208,40605
Katy Steed,ksteedhv@nih.gov,9039263399,48849
Farris Koene,fkoenehw@unesco.org,2188244172,91782
Gertrude Rainsden,grainsdenhx@w3.org,3472810176,71222
Malcolm MacDearmaid,mmacdearmaidhy@imageshack.us,4772414003,57765
Skell Georgius,sgeorgiushz@google.co.uk,8603332156,76569
Keslie Costa,kcostai0@usnews.com,3787991062,90777
Dorri Haselhurst,dhaselhursti1@blogtalkradio.com,9903928283,84704
Carce Hardinge,chardingei2@edublogs.org,4262538087,27319
Filia Middleditch,fmiddleditchi3@va.gov,8972166399,81355
Barny Demangel,bdemangeli4@xrea.com,3321277100,51356
Layney Grimbaldeston,lgrimbaldestoni5@amazon.de,6808061778,93940
Paloma Hoyte,phoytei6@pagesperso-orange.fr,5734758098,68188
Tiphany O'Tierney,totierneyi7@simplemachines.org,9208876859,65595
Curt Andersson,canderssoni8@behance.net,7713939536,35822
Rori Annand,rannandi9@webs.com,7628418609,76632
Dalenna Tipple,dtippleia@miibeian.gov.cn,8259501539,80405
Evania Williamson,ewilliamsonib@pcworld.com,5853739850,49310
Jerrie Malicki,jmalickiic@wikimedia.org,9246955049,94298
Lionello Chung,lchungid@friendfeed.com,9026350951,27280
Ludovico Talby,ltalbyie@com.com,6465511769,46770
Clarke MacDougall,cmacdougallif@webeden.co.uk,3168095629,75368
Teador Maruszewski,tmaruszewskiig@vistaprint.com,2756865012,84809
Lorene Beedham,lbeedhamih@java.com,1674597852,66561
Noella Haylett,nhaylettii@epa.gov,5307751833,30755
Travis Huxtable,thuxtableij@chron.com,6228940989,67087
Keir Hadny,khadnyik@diigo.com,3298455819,35168
Verile Bingham,vbinghamil@mayoclinic.com,6323932116,99308
Vittorio Sworder,vsworderim@ox.ac.uk,5218328896,39941
Annabell Petris,apetrisin@time.com,1366835921,33584
Angelle Nurny,anurnyio@blinklist.com,4214229061,40823
Etti Vinson,evinsonip@over-blog.com,5925735978,67906
Matias Giacovelli,mgiacovelliiq@t-online.de,2586646441,39396
Wright Van den Bosch,wvanir@csmonitor.com,9342389047,96118
Daisie Rizzardi,drizzardiis@virginia.edu,7249517577,53654
Belinda Ricciardi,bricciardiit@about.me,3728736439,71456
Paulie Cowser,pcowseriu@gravatar.com,9491448698,48617
Tymon Burnage,tburnageiv@yolasite.com,7769291499,95472
Viviene Weavill,vweavilliw@livejournal.com,1943205415,53860
Xaviera Skough,xskoughix@imdb.com,1457848021,97737
Jacky Fasson,jfassoniy@foxnews.com,8699835955,32958
Gerard Diehn,gdiehniz@illinois.edu,6665650628,56661
Nefen Braunthal,nbraunthalj0@howstuffworks.com,2019468530,66438
Margette Hatcliffe,mhatcliffej1@yelp.com,1908907331,95860
Kinna Goor,kgoorj2@cloudflare.com,5709078946,59001
Jeremy Broomhall,jbroomhallj3@forbes.com,3783103946,27569
Lev Hargitt,lhargittj4@hugedomains.com,9618266674,96054
Ashlie Arnoud,aarnoudj5@miitbeian.gov.cn,6451131348,79139
Bjorn Pickaver,bpickaverj6@trellian.com,8016475618,83555
Barny Eckh,beckhj7@wunderground.com,9848030752,87909
Everard Thorius,ethoriusj8@wunderground.com,8806254792,75228
Lizzy Apperley,lapperleyj9@booking.com,4579274944,85520
Michail Henniger,mhennigerja@theglobeandmail.com,6192663684,68049
Roana Heimes,rheimesjb@intel.com,6183404664,43231
Brnaba Simcox,bsimcoxjc@vistaprint.com,6397673867,66003
Cherey Boyde,cboydejd@devhub.com,2957320976,26686
Marwin Kerley,mkerleyje@51.la,5998746580,30361
Cathyleen Meadows,cmeadowsjf@google.com,2228970645,83188
Zelig Gannan,zgannanjg@huffingtonpost.com,6357816275,46721
Cindi Laughton,claughtonjh@friendfeed.com,3304287653,41626
Jimmie Lidyard,jlidyardji@cnet.com,8676326479,92581
Dud Clemont,dclemontjj@merriam-webster.com,2545409365,36020
Ardelle Clementel,aclementeljk@mail.ru,3262257388,87126
Aylmar Hales,ahalesjl@businessinsider.com,7319558014,46690
Lisha Troke,ltrokejm@kickstarter.com,5572247133,50553
Odette Plaster,oplasterjn@blogtalkradio.com,4812035945,31901
Wini Rockingham,wrockinghamjo@tripod.com,8401513081,34853
Ev Sighart,esighartjp@163.com,6057914459,73370
Clerc Heggie,cheggiejq@reference.com,4527620714,41473
Charmaine McInulty,cmcinultyjr@flavors.me,3827951153,57583
Allistir Mongan,amonganjs@ca.gov,5732325915,57814
Yettie Laycock,ylaycockjt@soundcloud.com,6887042920,85181
Erminie Aloshkin,ealoshkinju@jigsy.com,6973069282,85917
Melinda Augustus,maugustusjv@jimdo.com,4402728267,75473
Eleanora MacShirie,emacshiriejw@mayoclinic.com,3636236179,35019
April Epton,aeptonjx@kickstarter.com,6406560056,69599
Corney Lindeberg,clindebergjy@ucla.edu,3635026604,90399
Nikita Father,nfatherjz@about.com,1556438226,62494
Pamella Matashkin,pmatashkink0@businessinsider.com,7143038735,29709
Harmonia Charlick,hcharlickk1@stumbleupon.com,5021476374,28963
Riannon Ackroyd,rackroydk2@alibaba.com,7299660149,46653
Peyter Bolstridge,pbolstridgek3@dot.gov,6986002734,71988
Liza Pearch,lpearchk4@free.fr,7869693173,51042
Darrelle Johnston,djohnstonk5@soup.io,3483837414,54308
Gideon Jeanneau,gjeanneauk6@alibaba.com,7681249615,77022
Thorvald Gyves,tgyvesk7@tripod.com,8441422954,57255
Freida Prando,fprandok8@spiegel.de,3135671364,37581
Elane Bernini,eberninik9@usnews.com,9107110946,48280
Sherill Dyet,sdyetka@about.me,6657274558,32553
Ayn Wanley,awanleykb@va.gov,5731574261,34099
Wylie Crook,wcrookkc@fda.gov,1401940088,61319
Leonanie Pursey,lpurseykd@elegantthemes.com,3757537869,65303
Warner Bennedsen,wbennedsenke@i2i.jp,6447075836,71906
Bell Passie,bpassiekf@skyrock.com,5201364160,61303
Erin Jentzsch,ejentzschkg@telegraph.co.uk,6238272739,51673
Rollin Knellen,rknellenkh@lycos.com,9925218227,53452
Ara Hast,ahastki@foxnews.com,8684119978,48920
Camile McGloughlin,cmcgloughlinkj@japanpost.jp,9835784552,73646
Huey Janata,hjanatakk@comcast.net,4322537937,32152
Cyndi Saltsberg,csaltsbergkl@imageshack.us,4872459907,88373
Hew Pinhorn,hpinhornkm@alibaba.com,9642526513,83378
Darya Creser,dcreserkn@g.co,3362390777,70700
Cara Ibbott,cibbottko@free.fr,5404661599,90441
Sutherland Pryce,sprycekp@cbslocal.com,1619385881,90446
Shelagh Yakhin,syakhinkq@newsvine.com,9669871183,89020
Kris McKerlie,kmckerliekr@baidu.com,9233375841,92302
Matt Croxon,mcroxonks@nba.com,5928694790,61063
Nichol Wylder,nwylderkt@sohu.com,6698723028,75965
Vince Collacombe,vcollacombeku@answers.com,6695921832,98807
Sammy Klich,sklichkv@walmart.com,8462214564,62195
Bastien O'Lochan,bolochankw@myspace.com,8532971398,42315
Shelby Duddy,sduddykx@eventbrite.com,1301637415,26737
Kalindi Dickenson,kdickensonky@cdc.gov,1563094840,70011
Lilas Bartosek,lbartosekkz@jugem.jp,9876312466,71119
Gilberte Folley,gfolleyl0@dell.com,7284259313,68334
Saundra Crayden,scraydenl1@sfgate.com,5491985915,44143
Milli Jado,mjadol2@utexas.edu,7202667148,39299
Megan Wayman,mwaymanl3@miitbeian.gov.cn,5702895869,25078
Price Spoor,pspoorl4@bravesites.com,7673692236,55448
Pansy Simonelli,psimonellil5@histats.com,1825688449,93995
Sammy Checketts,scheckettsl6@google.cn,8553557767,73529
Tris Godman,tgodmanl7@arizona.edu,6053202664,58873
Harmonie Gudgen,hgudgenl8@auda.org.au,8695132832,60102
Gale Shallcross,gshallcrossl9@oakley.com,9692594390,42710
Clayborn Dosedale,cdosedalela@oracle.com,2669672417,31383
Henry Apple,happlelb@smh.com.au,9589677295,39073
Nicholas Quartly,nquartlylc@gov.uk,3654131818,34999
Jacintha Danielsky,jdanielskyld@unblog.fr,2051489377,90311
Orren Kinchin,okinchinle@eepurl.com,4158267787,43627
Gerhardt Lusty,glustylf@domainmarket.com,1938817377,57753
Derek Creelman,dcreelmanlg@admin.ch,3804956578,61309
Guillaume Gosnell,ggosnelllh@cam.ac.uk,1358233199,79416
Avrom Tupie,atupieli@boston.com,4152147169,36517
Ann-marie Pleass,apleasslj@illinois.edu,9898730467,39652
Patrica Clue,pcluelk@chicagotribune.com,8047860652,40496
Thomasin Tredwell,ttredwellll@fastcompany.com,3056073339,37532
Sigismond Botley,sbotleylm@nature.com,2274712660,81877
Zitella Loynes,zloynesln@netlog.com,4507999146,91556
Michail Ellison,mellisonlo@ifeng.com,8387565996,31622
Eberto Ellingsworth,eellingsworthlp@guardian.co.uk,3985302599,93602
Karola Mcwhinnie,kmcwhinnielq@twitter.com,4985010431,52704
Jerrome Brown,jbrownlr@facebook.com,6501024375,32660
Kaile Clemenson,kclemensonls@taobao.com,4909654460,43419
Aymer Nana,ananalt@alexa.com,3359562512,28273
Batholomew Gemson,bgemsonlu@networkadvertising.org,7756933078,82737
Inger Vinck,ivincklv@hugedomains.com,1174913366,64209
Jed Clayson,jclaysonlw@ow.ly,5634061077,37174
Mersey MacIlurick,mmaciluricklx@free.fr,3314598740,67203
Prentiss Cowles,pcowlesly@1688.com,1856772168,84324
Putnem Cockburn,pcockburnlz@omniture.com,1143804996,57367
Brian Drummer,bdrummerm0@noaa.gov,6687128912,78188
Teodoro Stanbrooke,tstanbrookem1@pagesperso-orange.fr,5891959482,98012
Coraline Glaserman,cglasermanm2@parallels.com,4573574658,39963
Cecily Gregorin,cgregorinm3@census.gov,2123698222,53654
Wynn Goude,wgoudem4@alibaba.com,8863576440,33751
Shep Stearn,sstearnm5@elpais.com,6131256165,69921
Collette Brewitt,cbrewittm6@guardian.co.uk,3397124921,79897
Allsun Aspinal,aaspinalm7@blogs.com,9393663006,34441
Maire Edgeson,medgesonm8@baidu.com,8641652010,49800
Laryssa Haly,lhalym9@sakura.ne.jp,3456399370,59958
Erika Bedow,ebedowma@bloglovin.com,3736311160,86714
Dina Roper,dropermb@si.edu,2915494204,43397
Malinde Daines,mdainesmc@unblog.fr,9933215209,92367
Artemas Scraney,ascraneymd@hostgator.com,5159920869,96299
Lynna Satterly,lsatterlyme@youtube.com,2087668757,79149
Delila Carn,dcarnmf@naver.com,8027535805,84786
Edmund Barizeret,ebarizeretmg@quantcast.com,4302615396,53830
Minni Veltmann,mveltmannmh@printfriendly.com,5015950597,41196
Ivette Dresche,idreschemi@tamu.edu,1752083058,85766
Talbert Edgett,tedgettmj@hao123.com,6909214558,46241
Vite De Lasci,vdemk@xrea.com,7301537422,88671
Olympe Rewcassell,orewcassellml@nba.com,8453216442,35282
Cori Drinkall,cdrinkallmm@samsung.com,4056410855,45841
Kary Darkins,kdarkinsmn@vistaprint.com,2634635938,91102
Gage Weeks,gweeksmo@sfgate.com,7909799344,72324
Paxton Liston,plistonmp@google.com,4424063097,35466
Jeni Govier,jgoviermq@marriott.com,4144219503,46562
Basil Larmor,blarmormr@woothemes.com,8098494259,46442
Viviyan Evens,vevensms@angelfire.com,3726097269,90402
Meara Peplaw,mpeplawmt@java.com,5463463082,59312
Hettie Eberle,heberlemu@php.net,7191536549,90600
Kissiah Henstone,khenstonemv@webnode.com,2815747377,84436
Renell De Fraine,rdemw@pinterest.com,6106639189,56528
Johnathon McMickan,jmcmickanmx@slate.com,5524908526,58332
Adler Ciccottini,aciccottinimy@netlog.com,3226328348,36302
Helenka Thomasson,hthomassonmz@twitter.com,8481186973,93129
Chan Thairs,cthairsn0@samsung.com,3012467405,86124
Daryle Cantopher,dcantophern1@dailymail.co.uk,2289871334,45126
Sunny Loding,slodingn2@wiley.com,4835342422,79746
Roldan Donnelly,rdonnellyn3@dropbox.com,8581789499,73693
Sibella Reddan,sreddann4@google.ru,7875276043,72921
Kelly Denison,kdenisonn5@tuttocitta.it,5702882077,65036
Hal Shanklin,hshanklinn6@phoca.cz,4998726703,90154
Cammy Sabine,csabinen7@go.com,7142768102,47695
Ashley Quilkin,aquilkinn8@nps.gov,8541111948,36724
Catharine Paschke,cpaschken9@msu.edu,9787069634,50443
Lazarus Flippini,lflippinina@biblegateway.com,4645454837,66033
Fiorenze Neising,fneisingnb@ycombinator.com,7292052617,60817
Portia Poolman,ppoolmannc@huffingtonpost.com,7597676019,41913
Paton Hannen,phannennd@blinklist.com,2193703425,25897
Cariotta Thwaite,cthwaitene@house.gov,6606021552,65266
Lanie Gelderd,lgelderdnf@aol.com,8878055938,66229
Stephie Sinkinson,ssinkinsonng@purevolume.com,6685325673,69652
Agosto Jinkinson,ajinkinsonnh@marketwatch.com,1951804523,37955
Rebekkah Kellock,rkellockni@issuu.com,8372886530,43128
Marcie Skaife,mskaifenj@about.com,8536438656,70829
Quintilla Ciabatteri,qciabatterink@g.co,3028167700,38767
Tammi Larmet,tlarmetnl@engadget.com,9108117687,75459
Raphaela Stiven,rstivennm@time.com,6073559538,41806
Jackquelin Stammer,jstammernn@chron.com,6026621030,40884
Delaney Dingivan,ddingivanno@zimbio.com,1718307667,74209
Valry Aubury,vauburynp@reference.com,4262613279,32084
Nataline MacTerrelly,nmacterrellynq@youtu.be,4496407784,67799
Miles Overthrow,moverthrownr@networksolutions.com,7201229943,91491
Julietta Tolan,jtolanns@google.co.jp,3633639099,69075
Domini Skeen,dskeennt@behance.net,9216461444,43745
Arley Hadwin,ahadwinnu@wired.com,7691697719,58953
Cheslie Ramalhete,cramalhetenv@php.net,7201060900,61939
Cris Buer,cbuernw@microsoft.com,3629082522,83310
Marie-ann Fildery,mfilderynx@thetimes.co.uk,4138025869,53357
Jordan Clowes,jclowesny@fotki.com,5688480303,57759
Ardelle Fernan,afernannz@reuters.com,2856796272,59397
Olenolin Clymo,oclymoo0@narod.ru,5866410190,64270
Yanaton Kelle,ykelleo1@spotify.com,1029297845,50285
Dorey Copin,dcopino2@techcrunch.com,2182074949,86071
Liam Stivey,lstiveyo3@phoca.cz,6116663478,91642
Jourdan Ditzel,jditzelo4@netscape.com,4358917894,71252
Bartlett Benini,bbeninio5@eepurl.com,3863467749,82831
Clemmy Vaughan-Hughes,cvaughanhugheso6@guardian.co.uk,2748384554,25924
Brand Bowdrey,bbowdreyo7@geocities.com,7446320245,55993
Rik Diche,rdicheo8@blogspot.com,1454210550,71032
Hadlee Bosward,hboswardo9@shinystat.com,6792259349,99125
Jemimah Roycroft,jroycroftoa@ox.ac.uk,5117640315,90122
Jenilee Haylor,jhaylorob@yolasite.com,2902879432,63288
Sterling Nann,snannoc@amazon.co.jp,1149879215,91284
Abraham Pepye,apepyeod@weebly.com,2955961491,42489
Hubert Balmforth,hbalmforthoe@businesswire.com,8792686904,71834
Adrianna Jencken,ajenckenof@google.co.jp,9049739662,64176
Antonietta Ancketill,aancketillog@accuweather.com,5485981316,42778
Padraic Owthwaite,powthwaiteoh@google.com,7146090736,92566
Donaugh Siviour,dsiviouroi@ask.com,2766846022,40809
Ivory Sieur,isieuroj@bloglines.com,8477281821,85250
Alta Mateuszczyk,amateuszczykok@howstuffworks.com,9456820242,46954
Eadith Spira,espiraol@umn.edu,3141759552,70744
Alf Lamlin,alamlinom@disqus.com,4792286837,90994
Hamnet Hynam,hhynamon@weibo.com,4872272896,79558
Ulric Jakubowski,ujakubowskioo@cornell.edu,2689486443,81334
Stoddard Rowswell,srowswellop@people.com.cn,1225434143,85310
Bridgette McKomb,bmckomboq@amazon.com,9679911210,94640
Brana Hawkey,bhawkeyor@ft.com,6412458509,72459
Flossie Devine,fdevineos@businessinsider.com,6761964164,49783
Katharyn Breach,kbreachot@pen.io,3141380416,46507
Haze Harmar,hharmarou@plala.or.jp,7819498253,30737
Jacky Himsworth,jhimsworthov@patch.com,4884153361,64315
Rhoda Ellery,relleryow@4shared.com,3096009040,58604
Anabal Gencke,agenckeox@geocities.jp,3138048664,90221
Olva Tedder,otedderoy@163.com,6947370136,51134
Rutledge Angove,rangoveoz@latimes.com,9415595121,49676
Timi Waleworke,twaleworkep0@clickbank.net,6355348969,55095
Karoly Blasiak,kblasiakp1@noaa.gov,5634798020,47943
Doralia Loeber,dloeberp2@gizmodo.com,3503480621,74655
Ody Danahar,odanaharp3@google.com.br,5479323769,95525
Emmey Ruggier,eruggierp4@japanpost.jp,4237597404,76390
Rhetta Ropartz,rropartzp5@ft.com,6909676563,25030
Ronald Yakuntsov,ryakuntsovp6@huffingtonpost.com,6027295723,64066
Lenore Bryant,lbryantp7@timesonline.co.uk,1269544599,94767
Lisabeth Huglin,lhuglinp8@trellian.com,4301671881,38678
Melisenda Thomtson,mthomtsonp9@cnet.com,3998722163,68378
Kerr Bitchener,kbitchenerpa@163.com,4929431521,94490
Vaughan Ruusa,vruusapb@boston.com,6035312013,42425
Loretta Pulver,lpulverpc@umn.edu,8363522940,47830
Eolande Twitching,etwitchingpd@wix.com,5613029928,65015
Maegan Buffery,mbufferype@msn.com,7824035920,85282
Jessalin Neeves,jneevespf@histats.com,2389719462,72772
Berti Groarty,bgroartypg@nydailynews.com,3562243050,40375
Gregorius Dalmon,gdalmonph@discuz.net,9758845721,55655
Norene Benfield,nbenfieldpi@arizona.edu,6945970179,26283
Nelia Howsin,nhowsinpj@stanford.edu,9438295145,84322
Sasha Duggleby,sdugglebypk@wordpress.com,5867339192,94887
Anselma Siggee,asiggeepl@bloglovin.com,2854641331,63968
Christel Kinnane,ckinnanepm@lulu.com,2343498612,35554
Farlie Gollard,fgollardpn@qq.com,9537237165,51481
Salvidor Proffer,sprofferpo@ucoz.com,1657190977,32737
Valentina Janman,vjanmanpp@flavors.me,1215813608,66140
Leigha Tregidga,ltregidgapq@sphinn.com,3747706838,29730
Windham Ionnisian,wionnisianpr@jiathis.com,8723263393,79121
Orlando Fransoni,ofransonips@angelfire.com,2742758826,81613
Burnaby Brain,bbrainpt@slate.com,9319749384,44149
Reider Gotcher,rgotcherpu@guardian.co.uk,3735212524,92897
Royce Asals,rasalspv@usnews.com,1727426513,81925
Molli Fitton,mfittonpw@mail.ru,6814145754,91042
Nelle Horsewood,nhorsewoodpx@ocn.ne.jp,2067785684,60150
Mayor Scare,mscarepy@shareasale.com,2206786063,26703
Nana Gillow,ngillowpz@multiply.com,1178050745,73891
Whitney Casaccia,wcasacciaq0@irs.gov,7988553615,94554
Kip Jedryka,kjedrykaq1@delicious.com,7359111861,70042
Darin Kensy,dkensyq2@pen.io,2208615980,30961
Fiann Markel,fmarkelq3@washington.edu,7602566915,26189
Cobbie Iskow,ciskowq4@jiathis.com,6837601604,90101
Aristotle Redmayne,aredmayneq5@archive.org,7701499905,74564
Etheline Ramelot,eramelotq6@hhs.gov,9282373043,95977
Halie Goldfinch,hgoldfinchq7@netscape.com,4625599026,76615
Addison Perett,aperettq8@ucoz.com,9085800795,33431
Urbain Gasson,ugassonq9@vk.com,3172055993,95862
Tildie Andrusyak,tandrusyakqa@techcrunch.com,5634877495,94823
Stevana Stopford,sstopfordqb@goodreads.com,8368622162,28489
Obidiah Dugmore,odugmoreqc@census.gov,4357912033,37811
Gage Ivantsov,givantsovqd@bbc.co.uk,3121356770,95802
Arvin Coogan,acooganqe@psu.edu,7198371410,33890
Tonia Omrod,tomrodqf@google.cn,1826970145,60261
Clarita Barreau,cbarreauqg@engadget.com,1406860752,95177
Danni Rihosek,drihosekqh@gizmodo.com,9312605334,42444
Filia Anthill,fanthillqi@fc2.com,8998087612,27427
Karlene Gravestone,kgravestoneqj@technorati.com,1866761152,70555
Erastus Bail,ebailqk@vkontakte.ru,9945038800,88811
Ban Errowe,berroweql@yandex.ru,9513646904,57336
Sharline Echelle,sechelleqm@ebay.com,9405775761,57784
Kayne McGregor,kmcgregorqn@businessinsider.com,1458975485,29538
Pansy Langan,planganqo@unblog.fr,9842973887,56068
Cherin Pepperd,cpepperdqp@washington.edu,1087575034,51841
Gun Keavy,gkeavyqq@photobucket.com,7285201675,90281
Jeanne Toogood,jtoogoodqr@umich.edu,6198806281,34401
Terri Ewenson,tewensonqs@goo.ne.jp,8881774888,56380
Zaria Grumley,zgrumleyqt@networkadvertising.org,8498414608,66026
Aldric Jeandon,ajeandonqu@elegantthemes.com,5304102245,84438
Rozelle Bridgement,rbridgementqv@ameblo.jp,8783227287,85207
Ebeneser Tallquist,etallquistqw@squarespace.com,4052290019,68181
Leslie Vautier,lvautierqx@canalblog.com,9528851253,59894
Gwyneth Fittes,gfittesqy@uol.com.br,6467169115,79558
Mark Hubbuck,mhubbuckqz@forbes.com,1804829760,83072
Bel Jacob,bjacobr0@about.com,5671497675,79289
Marcy Rikard,mrikardr1@theguardian.com,5621526752,78785
Emmy Roseveare,erosevearer2@businesswire.com,9021319536,66270
Jacques Matson,jmatsonr3@tinypic.com,5723711892,35615
Drusilla Utton,duttonr4@newyorker.com,3644043294,62419
Ross Klemencic,rklemencicr5@jimdo.com,2735388556,48143
Huberto Tether,htetherr6@ning.com,1276879485,81928
Nichols Assard,nassardr7@flavors.me,1328965184,98982
Goldia McGrah,gmcgrahr8@earthlink.net,8172378629,76998
Carolan Baudic,cbaudicr9@is.gd,1469623752,96303
Delores Walley,dwalleyra@wordpress.com,3119814163,50046
Goldi Jermey,gjermeyrb@google.com.br,1173093149,71722
Clementius Jonathon,cjonathonrc@businessweek.com,8034803126,81878
Mag Demead,mdemeadrd@google.de,6655759114,54375
Elana Trodden,etroddenre@buzzfeed.com,1367567942,66549
Keary Delacote,kdelacoterf@free.fr,9708450374,68841
Thomasin Merill,tmerillrg@networksolutions.com,9175495944,49880
Bo Chisholme,bchisholmerh@yellowpages.com,3075333394,94826
Jesselyn Mc Ilwrick,jmcri@list-manage.com,7512871682,92011
Ulric Stirgess,ustirgessrj@rediff.com,4539913390,89966
Doralynne Drakers,ddrakersrk@mapquest.com,8796026908,65155
Clerissa Ditzel,cditzelrl@godaddy.com,8311400552,46421
Alister Pedroni,apedronirm@bravesites.com,3078098005,25180
Kaleena Roxburgh,kroxburghrn@123-reg.co.uk,3191565037,77095
Lionello Balmer,lbalmerro@w3.org,4281730053,57442
Johan Goalby,jgoalbyrp@npr.org,3225959922,39894
Nanice Deedes,ndeedesrq@google.ru,1409258326,50444
Honoria Brugemann,hbrugemannrr@miibeian.gov.cn,8631114461,55568
